account_id,holder_person_id,bank,account_no_masked
AC001,P001,Coastal Bank,XXXXXX4001
AC002,P002,Metro Cooperative Bank,XXXXXX4002
AC003,P003,Sunrise Bank,XXXXXX4003
AC004,P004,Coastal Bank,XXXXXX4004
AC005,P011,Sunrise Bank,XXXXXX4005
AC006,P012,Metro Cooperative Bank,XXXXXX4006
AC007,P013,Coastal Bank,XXXXXX4007
AC008,P026,Sunrise Bank,XXXXXX4008
AC009,P027,Metro Cooperative Bank,XXXXXX4009
AC010,P017,Coastal Bank,XXXXXX4010
AC011,P019,Sunrise Bank,XXXXXX4011
AC012,P018,Metro Cooperative Bank,XXXXXX4012
AC013,P014,Coastal Bank,XXXXXX4013
AC014,P015,Sunrise Bank,XXXXXX4014
AC015,P016,Metro Cooperative Bank,XXXXXX4015
AC016,P033,Coastal Bank,XXXXXX4016
AC017,P038,Sunrise Bank,XXXXXX4017
AC018,P025,Metro Cooperative Bank,XXXXXX4018
AC019,P005,Coastal Bank,XXXXXX4019
