call_id,caller_device_id,callee_device_id,timestamp,duration_sec,caller_location_id
CL0001,D018,D011,2026-08-25T09:48:14+05:30,681,L010
CL0002,D011,D013,2026-08-25T19:52:53+05:30,565,L008
CL0003,D030,D036,2026-08-27T14:41:41+05:30,523,L009
CL0004,D030,D036,2026-08-27T14:45:53+05:30,676,L009
CL0005,D004,D005,2026-08-27T20:20:38+05:30,250,L012
CL0006,D019,D017,2026-08-28T09:17:50+05:30,336,L014
CL0007,D029,D036,2026-08-29T14:52:46+05:30,125,L009
CL0008,D002,D001,2026-08-29T18:05:35+05:30,580,L016
CL0009,D029,D030,2026-08-29T18:39:35+05:30,100,L009
CL0010,D029,D030,2026-08-29T22:36:06+05:30,425,L009
CL0011,D029,D030,2026-08-30T00:24:24+05:30,138,L009
CL0012,D029,D036,2026-08-30T01:35:12+05:30,43,L009
CL0013,D030,D029,2026-08-30T06:20:22+05:30,167,L009
CL0014,D030,D029,2026-08-30T07:17:08+05:30,80,L009
CL0015,D030,D004,2026-08-30T11:13:50+05:30,173,L009
CL0016,D030,D029,2026-08-30T12:31:47+05:30,134,L009
CL0017,D018,D019,2026-08-30T21:42:27+05:30,234,L010
CL0018,D017,D018,2026-09-02T11:01:17+05:30,459,L014
CL0019,D011,D027,2026-09-02T11:20:31+05:30,139,L008
CL0020,D019,D017,2026-09-03T12:46:09+05:30,164,L014
CL0021,D017,D019,2026-09-04T06:52:08+05:30,120,L014
CL0022,D025,D017,2026-09-04T10:00:35+05:30,110,L007
CL0023,D026,D011,2026-09-04T11:05:09+05:30,780,L015
CL0024,D004,D001,2026-09-04T12:37:33+05:30,241,L012
CL0025,D030,D036,2026-09-04T16:58:23+05:30,116,L009
CL0026,D025,D017,2026-09-04T20:46:44+05:30,191,L017
CL0027,D019,D017,2026-09-05T01:49:41+05:30,149,L007
CL0028,D017,D018,2026-09-05T03:42:45+05:30,133,L014
CL0029,D011,D018,2026-09-05T08:17:35+05:30,748,L008
CL0030,D013,D011,2026-09-05T10:19:23+05:30,589,L013
CL0031,D005,D003,2026-09-05T11:32:20+05:30,313,L016
CL0032,D001,D003,2026-09-05T21:53:46+05:30,520,L011
CL0033,D017,D018,2026-09-06T19:17:32+05:30,892,L014
CL0034,D001,D004,2026-09-06T23:45:43+05:30,50,L011
CL0035,D005,D002,2026-09-07T15:00:05+05:30,495,L016
CL0036,D002,D005,2026-09-07T17:36:17+05:30,716,L016
CL0037,D029,D036,2026-09-07T20:46:02+05:30,572,L009
CL0038,D011,D027,2026-09-09T07:01:53+05:30,195,L006
CL0039,D002,D001,2026-09-09T08:39:05+05:30,143,L016
CL0040,D011,D012,2026-09-09T15:19:33+05:30,146,L008
CL0041,D013,D011,2026-09-09T23:03:14+05:30,725,L013
CL0042,D027,D026,2026-09-10T02:52:55+05:30,128,L002
CL0043,D012,D011,2026-09-10T04:13:59+05:30,46,L006
CL0044,D011,D012,2026-09-10T08:24:32+05:30,24,L006
CL0045,D004,D030,2026-09-10T10:56:44+05:30,775,L012
CL0046,D011,D012,2026-09-10T18:08:40+05:30,637,L008
CL0047,D018,D019,2026-09-10T18:48:01+05:30,197,L010
CL0048,D003,D005,2026-09-10T21:00:03+05:30,128,L017
CL0049,D027,D026,2026-09-11T15:21:09+05:30,604,L002
CL0050,D017,D025,2026-09-11T17:47:23+05:30,437,L014
CL0051,D011,D018,2026-09-11T18:01:49+05:30,244,L008
CL0052,D019,D025,2026-09-11T19:31:08+05:30,140,L014
CL0053,D001,D002,2026-09-13T08:54:45+05:30,407,L011
CL0054,D002,D003,2026-09-13T09:06:28+05:30,33,L005
CL0055,D011,D026,2026-09-13T09:25:24+05:30,581,L008
CL0056,D011,D026,2026-09-13T09:47:37+05:30,708,L008
CL0057,D017,D018,2026-09-13T10:36:26+05:30,758,L014
CL0058,D001,D002,2026-09-13T14:08:59+05:30,188,L011
CL0059,D027,D011,2026-09-13T16:48:42+05:30,261,L002
CL0060,D004,D005,2026-09-13T18:39:45+05:30,104,L005
CL0061,D003,D001,2026-09-14T03:19:15+05:30,146,L017
CL0062,D003,D002,2026-09-14T09:59:32+05:30,154,L017
CL0063,D013,D012,2026-09-14T13:12:51+05:30,504,L013
CL0064,D003,D001,2026-09-14T15:26:26+05:30,154,L005
CL0065,D019,D025,2026-09-14T16:43:05+05:30,502,L014
CL0066,D001,D004,2026-09-14T17:05:00+05:30,27,L005
CL0067,D017,D019,2026-09-14T19:41:25+05:30,575,L014
CL0068,D018,D017,2026-09-14T23:20:42+05:30,377,L010
CL0069,D003,D002,2026-09-16T12:00:20+05:30,710,L017
CL0070,D036,D029,2026-09-16T13:33:07+05:30,606,L009
CL0071,D012,D013,2026-09-16T19:26:53+05:30,852,L018
CL0072,D025,D019,2026-09-16T22:24:38+05:30,678,L017
CL0073,D019,D017,2026-09-16T22:47:29+05:30,47,L014
CL0074,D017,D019,2026-09-17T05:20:51+05:30,49,L014
CL0075,D018,D017,2026-09-17T10:35:44+05:30,222,L010
CL0076,D018,D017,2026-09-17T11:16:07+05:30,98,L010
CL0077,D018,D017,2026-09-18T03:50:12+05:30,108,L010
CL0078,D027,D011,2026-09-18T16:39:19+05:30,693,L002
CL0079,D005,D004,2026-09-18T17:52:22+05:30,89,L016
CL0080,D001,D002,2026-09-19T09:57:11+05:30,111,L011
CL0081,D002,D003,2026-09-19T11:32:27+05:30,21,L016
CL0082,D001,D002,2026-09-19T13:03:57+05:30,44,L001
CL0083,D002,D005,2026-09-20T02:50:02+05:30,121,L016
CL0084,D002,D003,2026-09-20T04:29:42+05:30,142,L016
CL0085,D003,D005,2026-09-20T14:36:04+05:30,18,L001
CL0086,D002,D005,2026-09-20T16:52:29+05:30,42,L001
CL0087,D001,D003,2026-09-20T19:55:31+05:30,167,L001
CL0088,D036,D029,2026-09-20T20:00:15+05:30,231,L009
CL0089,D012,D011,2026-09-21T06:48:07+05:30,19,L002
CL0090,D012,D013,2026-09-21T08:19:38+05:30,47,L018
CL0091,D011,D012,2026-09-21T21:07:55+05:30,184,L008
CL0092,D017,D025,2026-09-21T21:29:54+05:30,401,L014
CL0093,D013,D011,2026-09-21T22:18:15+05:30,106,L002
CL0094,D027,D026,2026-09-21T22:32:38+05:30,141,L002
CL0095,D026,D011,2026-09-21T23:59:53+05:30,49,L002
CL0096,D027,D011,2026-09-22T08:06:26+05:30,151,L002
CL0097,D036,D030,2026-09-22T09:22:56+05:30,740,L009
CL0098,D025,D017,2026-09-22T23:05:56+05:30,246,L017
CL0099,D027,D011,2026-09-23T19:05:04+05:30,827,L002
CL0100,D018,D019,2026-09-23T21:09:57+05:30,362,L010
CL0101,D030,D029,2026-09-23T23:34:01+05:30,186,L009
CL0102,D018,D019,2026-09-24T08:03:06+05:30,391,L010
CL0103,D002,D001,2026-09-24T08:36:14+05:30,814,L016
CL0104,D004,D005,2026-09-24T12:45:21+05:30,143,L012
CL0105,D002,D001,2026-09-24T15:54:56+05:30,154,L016
CL0106,D003,D001,2026-09-24T16:35:25+05:30,715,L017
CL0107,D011,D013,2026-09-24T17:12:10+05:30,673,L008
CL0108,D002,D001,2026-09-25T00:19:35+05:30,140,L016
CL0109,D001,D002,2026-09-25T01:11:14+05:30,198,L011
CL0110,D002,D005,2026-09-25T02:37:41+05:30,149,L003
CL0111,D001,D004,2026-09-25T05:00:25+05:30,93,L003
CL0112,D017,D019,2026-09-25T07:11:39+05:30,80,L014
CL0113,D002,D003,2026-09-25T08:47:23+05:30,53,L003
CL0114,D001,D004,2026-09-25T11:20:00+05:30,155,L011
CL0115,D011,D027,2026-09-25T11:35:33+05:30,282,L008
CL0116,D002,D003,2026-09-25T12:34:14+05:30,514,L016
CL0117,D005,D002,2026-09-25T13:06:51+05:30,55,L003
CL0118,D003,D001,2026-09-25T19:06:12+05:30,795,L017
CL0119,D003,D001,2026-09-25T19:58:12+05:30,296,L017
CL0120,D001,D002,2026-09-25T20:58:33+05:30,294,L011
CL0121,D003,D001,2026-09-25T21:35:42+05:30,64,L017
CL0122,D017,D025,2026-09-25T22:14:28+05:30,124,L014
CL0123,D011,D012,2026-09-26T06:41:02+05:30,123,L008
CL0124,D011,D013,2026-09-26T09:02:18+05:30,107,L008
CL0125,D011,D012,2026-09-26T09:08:46+05:30,102,L008
CL0126,D018,D017,2026-09-26T11:31:12+05:30,31,L014
CL0127,D001,D002,2026-09-26T11:56:14+05:30,645,L011
CL0128,D012,D011,2026-09-26T14:20:28+05:30,183,L008
CL0129,D017,D018,2026-09-26T15:58:30+05:30,703,L014
CL0130,D002,D003,2026-09-26T17:05:26+05:30,714,L016
CL0131,D018,D017,2026-09-26T17:30:39+05:30,122,L010
CL0132,D026,D011,2026-09-26T18:42:22+05:30,180,L015
CL0133,D011,D018,2026-09-26T19:20:24+05:30,136,L008
CL0134,D003,D001,2026-09-26T23:51:56+05:30,441,L017
CL0135,D026,D027,2026-09-27T00:43:03+05:30,20,L008
CL0136,D011,D027,2026-09-27T05:08:24+05:30,200,L008
CL0137,D011,D026,2026-09-27T10:46:08+05:30,60,L008
CL0138,D019,D025,2026-09-27T11:52:17+05:30,333,L014
CL0139,D001,D004,2026-09-27T12:10:42+05:30,894,L011
CL0140,D013,D011,2026-09-27T13:13:25+05:30,151,L013
CL0141,D011,D012,2026-09-27T15:45:19+05:30,153,L008
CL0142,D019,D017,2026-09-27T20:40:06+05:30,653,L014
CL0143,D019,D018,2026-09-28T08:19:14+05:30,556,L014
CL0144,D002,D005,2026-09-28T14:07:39+05:30,763,L016
CL0145,D018,D011,2026-09-28T14:27:22+05:30,693,L010
