incident_id,case_id,type,date,time,datetime,location_id,summary
I001,C001,Robbery,2026-09-20,21:15,2026-09-20T21:15:00+05:30,L001,Passenger robbed of a bag near the station entrance in the evening.
I002,C001,Chain Snatching,2026-09-14,19:40,2026-09-14T19:40:00+05:30,L005,Gold chain snatched from a pedestrian by two riders on a motorcycle.
I003,C001,Shop Robbery,2026-09-25,20:30,2026-09-25T20:30:00+05:30,L003,Cash counter of a textile shop robbed shortly before closing.
I004,C002,UPI Fraud,2026-09-22,11:20,2026-09-22T11:20:00+05:30,L002,Victim tricked into paying through a fake refund request.
I005,C002,UPI Fraud,2026-09-10,15:05,2026-09-10T15:05:00+05:30,L006,Two victims paid a fake online seller and never received goods.
I006,C002,Investment Fraud,2026-09-27,17:45,2026-09-27T17:45:00+05:30,L008,Victim transferred a large sum to a fake trading platform.
I007,C003,Phishing Campaign,2026-09-05,10:10,2026-09-05T10:10:00+05:30,L007,Victim clicked a fake bank e-mail link and lost money.
I008,C003,Malware Infection,2026-09-18,09:30,2026-09-18T09:30:00+05:30,L010,Shop billing computer found infected with suspicious software.
I009,C003,Data Theft,2026-09-26,14:25,2026-09-26T14:25:00+05:30,L014,Complainant's device found sending data to an unknown server.
I010,C004,Vehicle Theft,2026-08-30,22:00,2026-08-30T22:00:00+05:30,L009,Two-wheeler stolen from a parking area at night.
