location_id,name,latitude,longitude,location_type
L001,Chennai Central,13.0827,80.2707,Railway Station
L002,Guindy,13.0067,80.2206,Locality
L003,T. Nagar,13.0418,80.2341,Shopping Area
L004,Marina Beach,13.05,80.2824,Beach
L005,Egmore,13.0732,80.2609,Railway Station
L006,Adyar,13.0012,80.2565,Locality
L007,Anna Nagar,13.085,80.2101,Locality
L008,Velachery,12.9815,80.218,Locality
L009,Tambaram,12.9249,80.1,Locality
L010,Koyambedu,13.0694,80.1948,Market
L011,Mylapore,13.0339,80.2699,Locality
L012,Nungambakkam,13.0569,80.2425,Locality
L013,Porur,13.0382,80.1565,Locality
L014,Perungudi,12.9653,80.2461,IT Corridor
L015,Besant Nagar,13.0002,80.2668,Locality
L016,Royapettah,13.0543,80.2646,Locality
L017,Ambattur,13.1143,80.1548,Industrial Area
L018,Sholinganallur,12.901,80.2279,IT Corridor
