event_id,device_id,ip_id,timestamp,protocol,dst_port,bytes,label
NE0001,D042,IP003,2026-09-02T11:00:00+05:30,TCP,443,40522,Benign
NE0002,D042,IP003,2026-09-02T15:02:00+05:30,TCP,443,69932,Benign
NE0003,D042,IP003,2026-09-02T18:59:00+05:30,TCP,443,4042,Benign
NE0004,D042,IP002,2026-09-03T22:10:00+05:30,TCP,443,17377,Malicious-Phishing
NE0005,D042,IP002,2026-09-03T23:46:00+05:30,TCP,443,68040,Malicious-Phishing
NE0006,D042,IP002,2026-09-04T01:24:00+05:30,TCP,443,32177,Malicious-Phishing
NE0007,D042,IP002,2026-09-04T03:02:00+05:30,TCP,443,62475,Malicious-Phishing
NE0008,D042,IP002,2026-09-04T04:40:00+05:30,TCP,443,19827,Malicious-Phishing
NE0009,D042,IP002,2026-09-04T06:17:00+05:30,TCP,443,42556,Malicious-Phishing
NE0010,D017,IP003,2026-09-12T14:00:00+05:30,TCP,80,66178,Benign
NE0011,D017,IP003,2026-09-12T19:02:00+05:30,TCP,80,62967,Benign
NE0012,D017,IP003,2026-09-12T23:59:00+05:30,TCP,80,9149,Benign
NE0013,D043,IP004,2026-09-16T10:00:00+05:30,TCP,443,23305,Benign
NE0014,D043,IP004,2026-09-16T13:02:00+05:30,TCP,443,60355,Benign
NE0015,D043,IP004,2026-09-16T16:03:00+05:30,TCP,443,13025,Benign
NE0016,D042,IP001,2026-09-17T23:05:00+05:30,TCP,8080,65177,Malicious-C&C
NE0017,D042,IP001,2026-09-17T23:36:00+05:30,TCP,8080,15421,Malicious-C&C
NE0018,D042,IP001,2026-09-18T00:04:00+05:30,TCP,8080,497,Malicious-C&C
NE0019,D042,IP001,2026-09-18T00:37:00+05:30,TCP,8080,50047,Malicious-C&C
NE0020,D042,IP001,2026-09-18T01:04:00+05:30,TCP,8080,65576,Malicious-C&C
NE0021,D042,IP001,2026-09-18T01:36:00+05:30,TCP,8080,55170,Malicious-C&C
NE0022,D043,IP001,2026-09-18T06:40:00+05:30,TCP,8080,74585,Malicious-C&C
NE0023,D043,IP001,2026-09-18T07:09:00+05:30,TCP,8080,67449,Malicious-C&C
NE0024,D043,IP001,2026-09-18T07:38:00+05:30,TCP,8080,11207,Malicious-C&C
NE0025,D043,IP001,2026-09-18T08:10:00+05:30,TCP,8080,89645,Malicious-C&C
NE0026,D043,IP001,2026-09-18T08:41:00+05:30,TCP,8080,3054,Malicious-C&C
NE0027,D043,IP001,2026-09-18T09:13:00+05:30,TCP,8080,33368,Malicious-C&C
NE0028,D043,IP001,2026-09-18T09:41:00+05:30,TCP,8080,15449,Malicious-C&C
NE0029,D043,IP001,2026-09-18T10:11:00+05:30,TCP,8080,32380,Malicious-C&C
NE0030,D021,IP004,2026-09-25T09:00:00+05:30,TCP,443,87395,Benign
NE0031,D021,IP004,2026-09-25T12:20:00+05:30,TCP,443,21158,Benign
NE0032,D021,IP001,2026-09-26T10:15:00+05:30,TCP,8080,78243,Malicious-C&C
NE0033,D021,IP001,2026-09-26T10:57:00+05:30,TCP,8080,75830,Malicious-C&C
NE0034,D021,IP001,2026-09-26T11:39:00+05:30,TCP,8080,74543,Malicious-C&C
