person_id,name,role,alias,home_location_id
P001,Arun Kumar,Person of Interest,AK,L011
P002,Bala Murugan,Person of Interest,Bala,L016
P003,Karthik Raja,Person of Interest,Karthi,L017
P004,Dinesh Babu,Associate,Dinesh,L012
P005,Selvam Pillai,Associate,Selvam,L016
P006,Ravi Shankar,Victim,,L007
P007,Meena Devi,Witness,,L016
P008,Lakshmi Narayanan,Victim,Lakshmi N,L011
P009,Suresh Iyer,Victim,,L003
P010,Priya Nair,Witness,,L012
P011,Vignesh Anand,Person of Interest,Vicky,L008
P012,Harini Sekar,Account Holder,,L018
P013,Mohan Das,Account Holder,,L013
P014,Kavya Reddy,Victim,,L006
P015,Ismail Khan,Victim,,L007
P016,Deepak Joseph,Victim,,L006
P017,Naveen Chandran,Person of Interest,Naveen C,L014
P018,Sathish Kumar,Associate,Sathish K,L010
P019,Roshan Ali,Associate,,L014
P020,Anitha Balaji,Victim,,L010
P021,Prakash Venkat,Victim,,L014
P022,Gopal Krishnan,Witness,,L009
P023,Thenmozhi Rajan,Witness,,L009
P024,Yusuf Basha,Victim,,L009
P025,Manoj Kannan,Associate,,L017
P026,Rekha Subramani,Account Holder,,L015
P027,Ajay Menon,Associate,,L002
P028,Divya Prakash,Witness,,L013
P029,Senthil Nathan,Person of Interest,Senthil,L009
P030,Farook Ahmed,Associate,Farook,L009
P031,Nithya Raman,Bank Officer,,L012
P032,Rajesh Pandian,Associate,,L018
P033,Swathi Mohan,Victim,,L008
P034,Ganesh Babu,Witness,,L005
P035,Usha Rani,Witness,,L005
P036,Tamilselvan,Associate,,L009
P037,Vimal Raj,Associate,,L003
P038,Pooja Sharma,Victim,,L002
P039,Kishore Kumar,Associate,,L015
P040,Ilakkiya Mohan,Witness,,L001
