rel_id,source_id,relationship,target_id,date,call_count,first_call,last_call,source_doc
REL0001,I001,OCCURRED_AT,L001,2026-09-20,,,,R001
REL0002,I001,PART_OF,C001,,,,,R001
REL0003,P006,VICTIM_OF,I001,,,,,R001
REL0004,P007,WITNESSED,I001,,,,,R001
REL0005,P002,VISITED,L001,2026-09-20,,,,R001
REL0006,E001,SUPPORTS,I001,,,,,R001
REL0007,E002,SUPPORTS,I001,,,,,R001
REL0008,P007,PROVIDED,E002,,,,,R001
REL0009,P040,WITNESSED,I001,,,,,R002
REL0010,P001,VISITED,L001,2026-09-20,,,,R002
REL0011,P001,USES,D001,,,,,R003
REL0012,P001,USES,D041,,,,,R003
REL0013,P002,USES,D002,,,,,R003
REL0014,P003,USES,D003,,,,,R003
REL0015,P004,USES,D004,,,,,R003
REL0016,P005,USES,D005,,,,,R003
REL0017,P005,USES,D002,,,,,R003
REL0018,P001,CONTACTED,P002,,12,2026-08-29,2026-09-26,R003
REL0019,P001,CONTACTED,P003,,9,2026-09-05,2026-09-26,R003
REL0020,P002,CONTACTED,P003,,8,2026-09-13,2026-09-26,R003
REL0021,P001,CONTACTED,P004,,6,2026-09-04,2026-09-27,R003
REL0022,P002,CONTACTED,P005,,7,2026-09-07,2026-09-28,R003
REL0023,P003,CONTACTED,P005,,3,2026-09-05,2026-09-20,R003
REL0024,P004,CONTACTED,P005,,4,2026-08-27,2026-09-24,R003
REL0025,E006,DERIVED_FROM,D001,,,,,R003
REL0026,E006,DERIVED_FROM,D002,,,,,R003
REL0027,E006,DERIVED_FROM,D003,,,,,R003
REL0028,E006,DERIVED_FROM,D004,,,,,R003
REL0029,E006,DERIVED_FROM,D005,,,,,R003
REL0030,I002,OCCURRED_AT,L005,2026-09-14,,,,R004
REL0031,I002,PART_OF,C001,,,,,R004
REL0032,P008,VICTIM_OF,I002,,,,,R004
REL0033,P034,WITNESSED,I002,,,,,R004
REL0034,P035,WITNESSED,I002,,,,,R004
REL0035,P003,VISITED,L005,2026-09-14,,,,R004
REL0036,E003,SUPPORTS,I002,,,,,R004
REL0037,E004,SUPPORTS,I002,,,,,R004
REL0038,P034,PROVIDED,E004,,,,,R004
REL0039,I003,OCCURRED_AT,L003,2026-09-25,,,,R005
REL0040,I003,PART_OF,C001,,,,,R005
REL0041,P009,VICTIM_OF,I003,,,,,R005
REL0042,P010,WITNESSED,I003,,,,,R005
REL0043,P028,WITNESSED,I003,,,,,R005
REL0044,P001,VISITED,L003,2026-09-25,,,,R005
REL0045,P004,VISITED,L003,2026-09-25,,,,R005
REL0046,E005,SUPPORTS,I003,,,,,R005
REL0047,P001,OWNS,AC001,,,,,R006
REL0048,P002,OWNS,AC002,,,,,R006
REL0049,P003,OWNS,AC003,,,,,R006
REL0050,P004,OWNS,AC004,,,,,R006
REL0051,P005,OWNS,AC019,,,,,R006
REL0052,I004,OCCURRED_AT,L002,2026-09-22,,,,R007
REL0053,I004,PART_OF,C002,,,,,R007
REL0054,P038,VICTIM_OF,I004,,,,,R007
REL0055,P038,OWNS,AC017,,,,,R007
REL0056,E008,SUPPORTS,I004,,,,,R007
REL0057,I005,OCCURRED_AT,L006,2026-09-10,,,,R008
REL0058,I005,PART_OF,C002,,,,,R008
REL0059,P014,VICTIM_OF,I005,,,,,R008
REL0060,P016,VICTIM_OF,I005,,,,,R008
REL0061,P014,OWNS,AC013,,,,,R008
REL0062,P016,OWNS,AC015,,,,,R008
REL0063,E009,SUPPORTS,I005,,,,,R008
REL0064,I006,OCCURRED_AT,L008,2026-09-27,,,,R009
REL0065,I006,PART_OF,C002,,,,,R009
REL0066,P033,VICTIM_OF,I006,,,,,R009
REL0067,P033,OWNS,AC016,,,,,R009
REL0068,E010,SUPPORTS,I006,,,,,R009
REL0069,P011,OWNS,AC005,,,,,R010
REL0070,P012,OWNS,AC006,,,,,R010
REL0071,P013,OWNS,AC007,,,,,R010
REL0072,P026,OWNS,AC008,,,,,R010
REL0073,P027,OWNS,AC009,,,,,R010
REL0074,P031,PROVIDED,E007,,,,,R010
REL0075,E007,MENTIONS,P011,,,,,R010
REL0076,P032,ASSOCIATED_WITH,P012,,,,,R010
REL0077,P039,ASSOCIATED_WITH,P026,,,,,R010
REL0078,P011,USES,D011,,,,,R011
REL0079,P012,USES,D012,,,,,R011
REL0080,P013,USES,D013,,,,,R011
REL0081,P026,USES,D026,,,,,R011
REL0082,P027,USES,D027,,,,,R011
REL0083,P018,USES,D018,,,,,R011
REL0084,P011,CONTACTED,P012,,10,2026-09-09,2026-09-27,R011
REL0085,P011,CONTACTED,P013,,7,2026-08-25,2026-09-27,R011
REL0086,P011,CONTACTED,P026,,6,2026-09-04,2026-09-27,R011
REL0087,P011,CONTACTED,P027,,8,2026-09-02,2026-09-27,R011
REL0088,P012,CONTACTED,P013,,3,2026-09-14,2026-09-21,R011
REL0089,P027,CONTACTED,P026,,4,2026-09-10,2026-09-27,R011
REL0090,P011,CONTACTED,P018,,5,2026-08-25,2026-09-28,R011
REL0091,I007,OCCURRED_AT,L007,2026-09-05,,,,R012
REL0092,I007,PART_OF,C003,,,,,R012
REL0093,P015,VICTIM_OF,I007,,,,,R012
REL0094,P015,OWNS,AC014,,,,,R012
REL0095,E013,SUPPORTS,I007,,,,,R012
REL0096,I008,OCCURRED_AT,L010,2026-09-18,,,,R013
REL0097,I008,PART_OF,C003,,,,,R013
REL0098,P020,VICTIM_OF,I008,,,,,R013
REL0099,P020,USES,D043,,,,,R013
REL0100,E012,FOUND_ON,D043,,,,,R013
REL0101,E011,DERIVED_FROM,D043,,,,,R013
REL0102,E011,SUPPORTS,I008,,,,,R013
REL0103,E012,SUPPORTS,I008,,,,,R013
REL0104,I009,OCCURRED_AT,L014,2026-09-26,,,,R014
REL0105,I009,PART_OF,C003,,,,,R014
REL0106,P021,VICTIM_OF,I009,,,,,R014
REL0107,E014,DERIVED_FROM,D021,,,,,R014
REL0108,E014,SUPPORTS,I009,,,,,R014
REL0109,P017,USES,D017,,,,,R015
REL0110,P017,USES,D042,,,,,R015
REL0111,P019,USES,D042,,,,,R015
REL0112,P019,USES,D019,,,,,R015
REL0113,P025,USES,D025,,,,,R015
REL0114,P017,OWNS,AC010,,,,,R015
REL0115,P019,OWNS,AC011,,,,,R015
REL0116,P018,OWNS,AC012,,,,,R015
REL0117,P025,OWNS,AC018,,,,,R015
REL0118,P017,CONTACTED,P018,,11,2026-09-02,2026-09-26,R015
REL0119,P017,CONTACTED,P019,,9,2026-08-28,2026-09-27,R015
REL0120,P018,CONTACTED,P019,,5,2026-08-30,2026-09-28,R015
REL0121,P017,CONTACTED,P025,,6,2026-09-04,2026-09-25,R015
REL0122,P019,CONTACTED,P025,,4,2026-09-11,2026-09-27,R015
REL0123,I010,OCCURRED_AT,L009,2026-08-30,,,,R016
REL0124,I010,PART_OF,C004,,,,,R016
REL0125,P024,VICTIM_OF,I010,,,,,R016
REL0126,P022,WITNESSED,I010,,,,,R016
REL0127,P029,VISITED,L009,2026-08-30,,,,R016
REL0128,E015,SUPPORTS,I010,,,,,R016
REL0129,P023,WITNESSED,I010,,,,,R017
REL0130,P030,VISITED,L009,2026-08-30,,,,R017
REL0131,P029,USES,D029,,,,,R018
REL0132,P030,USES,D030,,,,,R018
REL0133,P036,USES,D036,,,,,R018
REL0134,P029,CONTACTED,P030,,7,2026-08-29,2026-09-23,R018
REL0135,P029,CONTACTED,P036,,5,2026-08-29,2026-09-20,R018
REL0136,P030,CONTACTED,P036,,4,2026-08-27,2026-09-22,R018
REL0137,P030,CONTACTED,P004,,2,2026-08-30,2026-09-10,R018
REL0138,P030,ASSOCIATED_WITH,P029,,,,,R018
REL0139,E016,MENTIONS,P004,,,,,R019
REL0140,E016,MENTIONS,P005,,,,,R019
REL0141,P001,ASSOCIATED_WITH,P002,,,,,R019
REL0142,P002,ASSOCIATED_WITH,P003,,,,,R019
REL0143,P037,ASSOCIATED_WITH,P001,,,,,R019
REL0144,P006,USES,D006,,,,,SUBSCRIBER-REGISTRY
REL0145,P007,USES,D007,,,,,SUBSCRIBER-REGISTRY
REL0146,P008,USES,D008,,,,,SUBSCRIBER-REGISTRY
REL0147,P009,USES,D009,,,,,SUBSCRIBER-REGISTRY
REL0148,P010,USES,D010,,,,,SUBSCRIBER-REGISTRY
REL0149,P014,USES,D014,,,,,SUBSCRIBER-REGISTRY
REL0150,P015,USES,D015,,,,,SUBSCRIBER-REGISTRY
REL0151,P016,USES,D016,,,,,SUBSCRIBER-REGISTRY
REL0152,P020,USES,D020,,,,,SUBSCRIBER-REGISTRY
REL0153,P021,USES,D021,,,,,SUBSCRIBER-REGISTRY
REL0154,P022,USES,D022,,,,,SUBSCRIBER-REGISTRY
REL0155,P023,USES,D023,,,,,SUBSCRIBER-REGISTRY
REL0156,P024,USES,D024,,,,,SUBSCRIBER-REGISTRY
REL0157,P028,USES,D028,,,,,SUBSCRIBER-REGISTRY
REL0158,P031,USES,D031,,,,,SUBSCRIBER-REGISTRY
REL0159,P032,USES,D032,,,,,SUBSCRIBER-REGISTRY
REL0160,P033,USES,D033,,,,,SUBSCRIBER-REGISTRY
REL0161,P034,USES,D034,,,,,SUBSCRIBER-REGISTRY
REL0162,P035,USES,D035,,,,,SUBSCRIBER-REGISTRY
REL0163,P037,USES,D037,,,,,SUBSCRIBER-REGISTRY
REL0164,P038,USES,D038,,,,,SUBSCRIBER-REGISTRY
REL0165,P039,USES,D039,,,,,SUBSCRIBER-REGISTRY
REL0166,P040,USES,D040,,,,,SUBSCRIBER-REGISTRY
