txn_id,from_account_id,to_account_id,amount_inr,timestamp,channel,atm_location_id,source_doc
TX001,AC001,AC002,1200,2026-08-29T19:10:00+05:30,UPI,,BANK-DB-EXTRACT
TX002,AC002,AC003,800,2026-09-02T16:05:00+05:30,UPI,,BANK-DB-EXTRACT
TX003,AC014,AC013,1500,2026-09-03T10:47:00+05:30,UPI,,BANK-DB-EXTRACT
TX004,AC014,AC011,18500,2026-09-06T12:10:00+05:30,UPI,,R012
TX005,AC018,AC012,2200,2026-09-08T09:22:00+05:30,UPI,,BANK-DB-EXTRACT
TX006,AC013,AC006,45000,2026-09-10T17:10:00+05:30,UPI,,R008
TX007,AC015,AC006,30000,2026-09-10T17:40:00+05:30,UPI,,R008
TX008,AC006,AC005,40000,2026-09-11T17:37:00+05:30,IMPS,,R010
TX009,AC005,,20000,2026-09-12T17:15:00+05:30,ATM,L002,R010
TX010,AC006,AC005,28000,2026-09-13T16:52:00+05:30,IMPS,,R010
TX011,AC010,AC011,15000,2026-09-20T17:12:00+05:30,UPI,,R015
TX012,AC003,AC006,25000,2026-09-21T10:28:00+05:30,UPI,,R006
TX013,AC002,AC019,8000,2026-09-21T11:10:00+05:30,UPI,,R006
TX014,AC001,AC004,10000,2026-09-21T19:39:00+05:30,UPI,,R006
TX015,AC017,AC007,62000,2026-09-22T09:34:00+05:30,UPI,,R007
TX016,AC011,AC012,6000,2026-09-22T17:48:00+05:30,UPI,,R015
TX017,AC007,AC005,55000,2026-09-23T14:14:00+05:30,IMPS,,R010
TX018,AC012,AC005,9000,2026-09-24T13:41:00+05:30,UPI,,R015
TX019,AC005,,25000,2026-09-24T17:25:00+05:30,ATM,L006,R010
TX020,AC018,AC010,4000,2026-09-27T14:25:00+05:30,UPI,,R015
TX021,AC016,AC008,120000,2026-09-27T16:05:00+05:30,UPI,,R009
TX022,AC009,AC005,90000,2026-09-28T09:26:00+05:30,IMPS,,R010
TX023,AC008,AC009,100000,2026-09-28T12:02:00+05:30,IMPS,,R010
TX024,AC005,,50000,2026-09-28T15:35:00+05:30,ATM,L008,R010
